Year,Month,Product_ID,Product_Name,Product_Category,Product_Cost,Product_Price,Units,Actual_Product_Price,Revenue,xRevenue,Profit
2022,1,1,Action Figure,Toys,9.99,15.99,3441,15.676964346349747,53959.52,55021.590000000004,19583.93
2022,1,2,Animal Figures,Toys,9.99,12.99,1513,12.720190174326467,19263.69,19653.87,4148.82
2022,1,3,Barrel O' Slime,Art & Crafts,1.99,3.99,76,3.8499999999999996,292.59999999999997,303.24,141.35999999999999
2022,1,4,Chutes & Ladders,Games,9.99,12.99,166,12.552111801242237,2083.94,2156.34,425.6
2022,1,5,Classic Dominoes,Games,7.99,9.99,276,9.681775362318842,2672.17,2757.2400000000002,466.92999999999995
2022,1,6,Colorbuds,Electronics,6.99,14.99,8110,14.601774193548387,118566.93000000001,121568.9,61878.03
2022,1,7,Dart Gun,Sports & Outdoors,11.99,15.99,1747,15.635510670731708,27323.93,27934.53,6377.4
2022,1,8,Deck Of Cards,Games,3.99,6.99,4413,6.8731723349528435,30333.44,30846.87,12725.57
2022,1,9,Dino Egg,Toys,9.99,10.99,2882,10.696855123674911,30828.91,31673.18,2037.7299999999996
2022,1,10,Dinosaur Figures,Toys,10.99,14.99,739,14.652254237288135,10822.54,11077.61,2700.93
2022,1,14,Glass Marbles,Games,5.99,10.99,1841,10.659177268871925,19659.65,20232.59,8632.06
2022,1,17,Kids Makeup Kit,Art & Crafts,13.99,19.99,1114,19.3832131822863,21627.88,22268.859999999997,6043.0199999999995
2022,1,18,Lego Bricks,Toys,34.99,38.99,1746,37.96693029490617,66345.29,68076.54000000001,5252.749999999996
2022,1,20,Mini Basketball Hoop,Sports & Outdoors,8.99,23.99,190,23.549030303030303,4476.34,4558.099999999999,2768.24
2022,1,21,Mini Ping Pong Set,Sports & Outdoors,6.99,9.99,1021,9.767732732732734,9948.74,10199.79,2811.95
2022,1,22,Monopoly,Games,13.99,18.99,129,18.768558558558556,2424.95,2449.71,620.24
2022,1,24,Nerf Gun,Sports & Outdoors,14.99,18.99,991,18.397485515643105,18225.89,18819.09,3370.8
2022,1,25,PlayDoh Can,Art & Crafts,1.99,2.99,1452,2.921474850809889,4236.75,4341.4800000000005,1347.27
2022,1,27,PlayDoh Toolkit,Art & Crafts,3.49,4.49,1640,4.379264010803511,7179.6,7363.6,1455.9999999999998
2022,1,30,Rubik's Cube,Games,16.99,18.99,1934,18.42571606475716,35671.05,36726.659999999996,2812.3900000000026
2022,1,31,Splash Balls,Sports & Outdoors,7.99,8.99,1363,8.805435978004713,11996.55,12253.37,1106.1799999999998
2022,1,33,Teddy Bear,Toys,10.99,12.49,354,12.213079096045199,4323.43,4421.46,432.97
2022,1,34,Toy Robot,Electronics,20.99,25.99,828,25.354364351245085,20993.9,21519.719999999998,3614.180000000001
2022,1,35,Uno Card Game,Games,3.99,7.99,43,7.891162790697674,339.32,343.57,167.75
2022,2,1,Action Figure,Toys,9.99,15.99,3145,15.319600448095594,48156.99,50288.55,16738.44
2022,2,2,Animal Figures,Toys,9.99,12.99,1912,12.531859424920128,24040.64,24836.88,4939.759999999999
2022,2,3,Barrel O' Slime,Art & Crafts,1.99,3.99,18,3.9000000000000004,70.2,71.82000000000001,34.379999999999995
2022,2,4,Chutes & Ladders,Games,9.99,12.99,37,12.328648648648649,456.16,480.63,86.53
2022,2,5,Classic Dominoes,Games,7.99,9.99,203,9.569261083743841,1942.56,2027.97,320.59
2022,2,6,Colorbuds,Electronics,6.99,14.99,7627,14.276491053677933,108942.51,114328.73,55629.78
2022,2,7,Dart Gun,Sports & Outdoors,11.99,15.99,1727,15.307619699042409,26371.79,27614.73,5665.06
2022,2,8,Deck Of Cards,Games,3.99,6.99,3633,6.71022166607079,24394.15,25394.670000000002,9898.48
2022,2,9,Dino Egg,Toys,9.99,10.99,1380,10.4757761732852,14432.43,15166.2,646.2299999999996
2022,2,10,Dinosaur Figures,Toys,10.99,14.99,1191,14.36497435897436,17119.56,17853.09,4030.47
2022,2,14,Glass Marbles,Games,5.99,10.99,2020,10.575825314581792,21324.14,22199.8,9224.34
2022,2,17,Kids Makeup Kit,Art & Crafts,13.99,19.99,999,19.379117330462865,19329.39,19970.01,5353.38
2022,2,18,Lego Bricks,Toys,34.99,38.99,2414,37.549180064308686,90246.24,94121.86,5780.379999999996
2022,2,20,Mini Basketball Hoop,Sports & Outdoors,8.99,23.99,103,23.4952427184466,2420.0099999999998,2470.97,1494.04
2022,2,21,Mini Ping Pong Set,Sports & Outdoors,6.99,9.99,1170,9.586807866868382,11224.58,11688.3,3046.2799999999993
2022,2,22,Monopoly,Games,13.99,18.99,58,18.182241379310344,1054.57,1101.4199999999998,243.14999999999998
2022,2,24,Nerf Gun,Sports & Outdoors,14.99,18.99,857,18.188938826466917,15609.35,16274.429999999998,2762.9199999999996
2022,2,25,PlayDoh Can,Art & Crafts,1.99,2.99,2336,2.8607114170969594,6693.2300000000005,6984.64,2044.5900000000001
2022,2,27,PlayDoh Toolkit,Art & Crafts,3.49,4.49,1374,4.333630077787381,5969.69,6169.26,1174.4299999999996
2022,2,30,Rubik's Cube,Games,16.99,18.99,1944,18.25021712158809,35446.32,36916.56,2417.760000000003
2022,2,31,Splash Balls,Sports & Outdoors,7.99,8.99,1594,8.591871921182266,13687.35,14330.06,951.2899999999997
2022,2,33,Teddy Bear,Toys,10.99,12.49,458,11.800835322195704,5395.35,5720.42,361.92999999999995
2022,2,34,Toy Robot,Electronics,20.99,25.99,732,24.80928134556575,18178.22,19024.68,2813.540000000001
2022,2,35,Uno Card Game,Games,3.99,7.99,3,7.739999999999999,23.22,23.97,11.25
2022,3,1,Action Figure,Toys,9.99,15.99,3624,15.628709993468322,56633.95,57947.76,20430.19
2022,3,2,Animal Figures,Toys,9.99,12.99,1903,12.755376344086022,24251.03,24719.97,5240.0599999999995
2022,3,4,Chutes & Ladders,Games,9.99,12.99,17,12.739999999999998,216.57999999999998,220.83,46.74999999999999
2022,3,5,Classic Dominoes,Games,7.99,9.99,167,9.662375,1612.6200000000001,1668.33,278.29
2022,3,6,Colorbuds,Electronics,6.99,14.99,7843,14.510594817432274,113745.12,117566.57,58922.549999999996
2022,3,7,Dart Gun,Sports & Outdoors,11.99,15.99,1781,15.757957336780867,28071.04,28478.19,6716.849999999999
2022,3,8,Deck Of Cards,Games,3.99,6.99,3507,6.845548221488816,24000.02,24513.93,10007.09
2022,3,9,Dino Egg,Toys,9.99,10.99,720,10.701131782945735,7703.48,7912.8,510.6799999999998
2022,3,10,Dinosaur Figures,Toys,10.99,14.99,1154,14.738326771653544,16999.91,17298.46,4317.45
2022,3,14,Glass Marbles,Games,5.99,10.99,1964,10.730580204778157,21104.84,21584.36,9340.48
2022,3,15,Hot Wheels 5-Pack,Toys,3.99,5.49,1158,5.326266294227188,6172.18,6357.42,1551.7599999999998
2022,3,17,Kids Makeup Kit,Art & Crafts,13.99,19.99,1854,19.522940509915014,36177.42,37061.46,10239.96
2022,3,18,Lego Bricks,Toys,34.99,38.99,2995,38.22279059643012,114579.38,116775.05,9784.329999999994
2022,3,20,Mini Basketball Hoop,Sports & Outdoors,8.99,23.99,50,23.1092,1155.46,1199.5,705.9599999999999
2022,3,21,Mini Ping Pong Set,Sports & Outdoors,6.99,9.99,1006,9.774266666666668,9821.49,10049.94,2789.5499999999997
2022,3,22,Monopoly,Games,13.99,18.99,9,18.77,168.93,170.91,43.019999999999996
2022,3,24,Nerf Gun,Sports & Outdoors,14.99,18.99,667,18.529857142857143,12356.08,12666.329999999998,2357.75
2022,3,25,PlayDoh Can,Art & Crafts,1.99,2.99,3097,2.9269551427276848,9058.16,9260.03,2895.13
2022,3,27,PlayDoh Toolkit,Art & Crafts,3.49,4.49,1078,4.41235294117647,4752.29,4840.22,990.0699999999999
2022,3,30,Rubik's Cube,Games,16.99,18.99,2061,18.656773028296207,38508.75,39138.39,3492.360000000003
2022,3,31,Splash Balls,Sports & Outdoors,7.99,8.99,2157,8.805193208430914,18991.1,19391.43,1756.6699999999994
2022,3,32,Supersoaker Water Gun,Sports & Outdoors,10.99,13.99,283,13.572914798206279,3835.37,3959.17,725.2
2022,3,33,Teddy Bear,Toys,10.99,12.49,242,12.15305785123967,2941.04,3022.58,281.46
2022,3,34,Toy Robot,Electronics,20.99,25.99,624,25.498214285714283,15905.27,16217.759999999998,2807.510000000001
2022,3,35,Uno Card Game,Games,3.99,7.99,20,7.681,153.62,159.8,73.82
2022,4,1,Action Figure,Toys,9.99,15.99,3705,15.444722765818657,57290.65,59242.95,20277.7
2022,4,2,Animal Figures,Toys,9.99,12.99,2165,12.496228813559322,27059.75,28123.35,5431.4
2022,4,4,Chutes & Ladders,Games,9.99,12.99,19,11.74421052631579,223.14000000000001,246.81,33.330000000000005
2022,4,5,Classic Dominoes,Games,7.99,9.99,290,9.543625498007968,2757.01,2897.1,439.9099999999999
2022,4,6,Colorbuds,Electronics,6.99,14.99,7267,14.457446120689657,104922.79,108932.33,54126.46
2022,4,7,Dart Gun,Sports & Outdoors,11.99,15.99,1877,15.305092961487384,28747.26,30013.23,6242.03
2022,4,8,Deck Of Cards,Games,3.99,6.99,4777,6.787584327970939,32419.73,33391.23,13359.5
2022,4,9,Dino Egg,Toys,9.99,10.99,1575,10.589286300246103,16699.29,17309.25,965.0399999999993
2022,4,10,Dinosaur Figures,Toys,10.99,14.99,1718,14.45520062942565,24857.329999999998,25752.82,5976.509999999999
2022,4,14,Glass Marbles,Games,5.99,10.99,1699,10.612442941673711,18096.01,18672.01,7919.0
2022,4,15,Hot Wheels 5-Pack,Toys,3.99,5.99,1368,5.784453998280309,7901.26,8194.32,2442.9399999999996
2022,4,17,Kids Makeup Kit,Art & Crafts,13.99,19.99,2391,19.251351219512195,46008.64,47796.09,12558.55
2022,4,18,Lego Bricks,Toys,34.99,38.99,3538,37.58454283360791,133024.15,137946.62,9229.529999999995
2022,4,20,Mini Basketball Hoop,Sports & Outdoors,8.99,23.99,73,23.644794520547944,1726.07,1751.27,1069.8
2022,4,21,Mini Ping Pong Set,Sports & Outdoors,6.99,9.99,1441,9.596067907995618,13907.68,14395.59,3835.0899999999997
2022,4,22,Monopoly,Games,13.99,18.99,34,18.611176470588234,632.78,645.66,157.12
2022,4,24,Nerf Gun,Sports & Outdoors,14.99,18.99,743,18.178709677419356,13515.97,14109.57,2378.4
2022,4,25,PlayDoh Can,Art & Crafts,1.99,2.99,3464,2.858196408100879,9888.53,10357.36,2995.17
2022,4,27,PlayDoh Toolkit,Art & Crafts,3.49,4.49,1441,4.341802413273002,6254.38,6470.09,1225.2899999999997
2022,4,30,Rubik's Cube,Games,16.99,18.99,2177,18.199003852504127,39578.49,41341.229999999996,2591.260000000003
2022,4,31,Splash Balls,Sports & Outdoors,7.99,8.99,3505,8.673941227312014,30330.77,31509.95,2325.8199999999997
2022,4,32,Supersoaker Water Gun,Sports & Outdoors,10.99,13.99,743,13.593296703296703,10117.88,10394.57,1952.31
2022,4,33,Teddy Bear,Toys,10.99,12.49,240,11.98504854368932,2867.82,2997.6,230.21999999999997
2022,4,34,Toy Robot,Electronics,20.99,25.99,757,25.244484304932737,19119.26,19674.43,3229.830000000001
2022,4,35,Uno Card Game,Games,3.99,7.99,95,7.5873684210526315,720.8,759.0500000000001,341.75
2022,5,1,Action Figure,Toys,9.99,15.99,3588,15.564095660437124,55838.93,57372.12,19994.81
2022,5,2,Animal Figures,Toys,9.99,12.99,2148,12.65,27132.59,27902.52,5674.07
2022,5,4,Chutes & Ladders,Games,9.99,12.99,5,12.86,64.3,64.95,14.349999999999996
2022,5,5,Classic Dominoes,Games,7.99,9.99,166,9.770602409638554,1621.92,1658.3400000000001,295.5799999999999
2022,5,6,Colorbuds,Electronics,6.99,14.99,6974,14.688409187579753,102448.64,104540.26,53700.38
2022,5,7,Dart Gun,Sports & Outdoors,11.99,15.99,1612,15.642744388124548,25228.99,25775.88,5901.11
2022,5,8,Deck Of Cards,Games,3.99,6.99,3761,6.827286748504879,25673.79,26289.39,10667.4
2022,5,9,Dino Egg,Toys,9.99,10.99,3799,10.72838888888889,40739.340000000004,41751.01,2787.3299999999995
2022,5,10,Dinosaur Figures,Toys,10.99,14.99,1727,14.715720838794233,25387.4,25887.73,6407.67
2022,5,14,Glass Marbles,Games,5.99,10.99,1771,10.804471347861178,19179.75,19463.29,8571.46
2022,5,15,Hot Wheels 5-Pack,Toys,3.99,5.99,1145,5.847449725776965,6694.62,6858.55,2126.0699999999997
2022,5,16,Jenga,Games,2.99,9.99,593,9.805644599303136,5814.74,5924.07,4041.67
2022,5,17,Kids Makeup Kit,Art & Crafts,13.99,19.99,2169,19.44852748361069,42201.97,43358.31,11857.66
2022,5,18,Lego Bricks,Toys,34.99,38.99,3381,38.06793349168646,128503.64,131825.19,10202.449999999995
2022,5,20,Mini Basketball Hoop,Sports & Outdoors,8.99,23.99,292,23.28832191780822,6800.19,7005.08,4175.11
2022,5,21,Mini Ping Pong Set,Sports & Outdoors,6.99,9.99,536,9.76009230769231,5241.68,5354.64,1495.0400000000002
2022,5,22,Monopoly,Games,13.99,18.99,33,18.96393939393939,625.81,626.67,164.13999999999993
2022,5,24,Nerf Gun,Sports & Outdoors,14.99,18.99,752,18.595400907715582,14001.82,14280.48,2729.3399999999997
2022,5,25,PlayDoh Can,Art & Crafts,1.99,2.99,3347,2.921221437474034,9782.35,10007.53,3121.82
2022,5,26,PlayDoh Playset,Art & Crafts,20.99,24.99,333,24.433836065573768,8146.72,8321.67,1157.0500000000006
2022,5,27,PlayDoh Toolkit,Art & Crafts,3.49,4.49,1864,4.403233571893299,8190.95,8369.36,1685.59
2022,5,30,Rubik's Cube,Games,16.99,18.99,1723,18.551861559139788,31955.73,32719.769999999997,2681.9600000000028
2022,5,31,Splash Balls,Sports & Outdoors,7.99,8.99,3722,8.786053240740742,32632.02,33460.78,2893.24
2022,5,32,Supersoaker Water Gun,Sports & Outdoors,10.99,13.99,503,13.616045454545455,6851.22,7036.97,1323.25
2022,5,33,Teddy Bear,Toys,10.99,12.49,357,12.15921568627451,4340.84,4458.93,417.4099999999999
2022,5,34,Toy Robot,Electronics,20.99,25.99,522,25.150065502183406,13114.31,13566.779999999999,2157.5300000000007
2022,5,35,Uno Card Game,Games,3.99,7.99,87,7.814367816091954,679.85,695.13,332.71999999999997
2022,6,1,Action Figure,Toys,9.99,15.99,3813,15.780003053435115,60188.4,60969.87,22096.53
2022,6,2,Animal Figures,Toys,9.99,12.99,2161,12.711789697291556,27474.03,28071.39,5885.639999999999
2022,6,4,Chutes & Ladders,Games,9.99,12.99,174,12.538275862068964,2181.66,2260.26,443.4
2022,6,5,Classic Dominoes,Games,7.99,9.99,249,9.797219730941706,2444.0,2487.51,454.49
2022,6,6,Colorbuds,Electronics,6.99,14.99,6506,14.698152049461873,95588.74,97524.94,50111.799999999996
2022,6,7,Dart Gun,Sports & Outdoors,11.99,15.99,2174,15.618959770114943,33953.43,34762.26,7887.169999999999
2022,6,8,Deck Of Cards,Games,3.99,6.99,4117,6.896596701649176,28410.49,28777.83,11983.66
2022,6,9,Dino Egg,Toys,9.99,10.99,409,10.74275482093664,4385.97,4494.91,300.05999999999983
2022,6,10,Dinosaur Figures,Toys,10.99,14.99,1618,14.558902255639097,23584.14,24253.82,5802.32
2022,6,14,Glass Marbles,Games,5.99,10.99,1403,10.792716417910448,15131.05,15418.97,6727.08
2022,6,15,Hot Wheels 5-Pack,Toys,3.99,5.99,771,5.860906593406593,4518.95,4618.29,1442.6599999999999
2022,6,16,Jenga,Games,2.99,9.99,1093,9.742398414271555,10644.57,10919.07,7376.5
2022,6,17,Kids Makeup Kit,Art & Crafts,13.99,19.99,1448,19.44693138010794,28136.739999999998,28945.519999999997,7879.219999999999
2022,6,18,Lego Bricks,Toys,34.99,38.99,3128,38.003858939802335,118812.34,121960.72,9363.619999999992
2022,6,20,Mini Basketball Hoop,Sports & Outdoors,8.99,23.99,217,23.332268518518518,5062.7,5205.83,3111.87
2022,6,21,Mini Ping Pong Set,Sports & Outdoors,6.99,9.99,182,9.676206896551724,1756.22,1818.18,484.03999999999996
2022,6,22,Monopoly,Games,13.99,18.99,453,18.539776119402983,8172.099999999999,8602.47,1834.6299999999994
2022,6,24,Nerf Gun,Sports & Outdoors,14.99,18.99,645,18.56372050816697,11982.31,12248.55,2313.7599999999998
2022,6,25,PlayDoh Can,Art & Crafts,1.99,2.99,4432,2.9294812478093233,12984.43,13251.68,4164.75
2022,6,26,PlayDoh Playset,Art & Crafts,20.99,24.99,517,24.544231536926148,12693.460000000001,12919.83,1841.630000000001
2022,6,27,PlayDoh Toolkit,Art & Crafts,3.49,4.49,1591,4.383095577746078,6984.3,7143.59,1431.7099999999998
2022,6,29,Plush Pony,Toys,8.99,19.49,450,18.987562076749434,8540.01,8770.5,4494.51
2022,6,30,Rubik's Cube,Games,16.99,18.99,1625,18.441125356125355,29912.95,30858.749999999996,2304.2000000000025
2022,6,31,Splash Balls,Sports & Outdoors,7.99,8.99,6311,8.716793622674933,54881.32,56735.89,4456.429999999999
2022,6,32,Supersoaker Water Gun,Sports & Outdoors,10.99,13.99,616,13.638863636363636,8404.16,8617.84,1634.32
2022,6,33,Teddy Bear,Toys,10.99,12.49,250,12.23731914893617,3062.97,3122.5,315.46999999999997
2022,6,34,Toy Robot,Electronics,20.99,25.99,711,25.319008875739648,17974.35,18478.89,3050.460000000001
2022,6,35,Uno Card Game,Games,3.99,7.99,114,7.798771929824562,889.0600000000001,910.86,434.2
2022,7,1,Action Figure,Toys,10.99,17.99,3152,17.322217278457543,54560.43,56704.479999999996,19919.949999999997
2022,7,2,Animal Figures,Toys,10.49,13.99,2124,13.510123001230012,28802.6,29714.760000000002,6521.839999999999
2022,7,3,Barrel O' Slime,Art & Crafts,1.99,3.99,20,3.903,78.06,79.80000000000001,38.26
2022,7,4,Chutes & Ladders,Games,9.99,12.99,218,12.38573394495413,2700.09,2831.82,522.27
2022,7,5,Classic Dominoes,Games,7.99,9.99,216,9.767476190476192,2111.05,2157.84,385.2099999999999
2022,7,6,Colorbuds,Electronics,6.99,14.99,6511,14.39616197975253,93684.8,97599.89,48172.91
2022,7,7,Dart Gun,Sports & Outdoors,11.99,15.99,2033,15.387433687002652,31316.61,32507.670000000002,6940.94
2022,7,8,Deck Of Cards,Games,3.99,7.49,4283,7.26143309352518,31092.15,32079.670000000002,14002.98
2022,7,9,Dino Egg,Toys,9.99,10.99,28,10.226071428571428,286.33,307.72,6.609999999999994
2022,7,10,Dinosaur Figures,Toys,10.99,14.99,1744,14.371347285807719,25018.47,26142.56,5851.91
2022,7,13,Gamer Headphones,Electronics,14.99,20.99,234,20.619454545454545,4814.46,4911.66,1306.8
2022,7,14,Glass Marbles,Games,5.99,10.99,1345,10.630084507042254,14309.11,14781.55,6252.5599999999995
2022,7,15,Hot Wheels 5-Pack,Toys,3.99,5.99,1573,5.818743994509266,9142.62,9422.27,2866.35
2022,7,16,Jenga,Games,2.99,9.99,1411,9.576320907617504,13536.22,14095.89,9317.33
2022,7,17,Kids Makeup Kit,Art & Crafts,13.99,19.99,1123,19.187121513944223,21559.42,22448.769999999997,5848.65
2022,7,18,Lego Bricks,Toys,34.99,39.49,519,37.26,19298.11,20495.31,1138.2999999999988
2022,7,19,Magic Sand,Art & Crafts,13.99,15.99,5,15.1,75.5,79.95,5.549999999999997
2022,7,20,Mini Basketball Hoop,Sports & Outdoors,8.99,23.99,156,22.901666666666667,3572.66,3742.4399999999996,2170.22
2022,7,21,Mini Ping Pong Set,Sports & Outdoors,6.99,9.99,845,9.679274193548387,8204.43,8441.55,2297.88
2022,7,22,Monopoly,Games,13.99,18.99,176,18.362748538011697,3234.93,3342.24,772.69
2022,7,24,Nerf Gun,Sports & Outdoors,14.99,19.49,791,18.877683109118088,14972.88,15416.589999999998,3115.7899999999995
2022,7,25,PlayDoh Can,Art & Crafts,1.99,2.99,5126,2.878715625,14757.56,15326.740000000002,4556.820000000001
2022,7,26,PlayDoh Playset,Art & Crafts,20.99,24.99,793,24.283972602739723,19268.84,19817.07,2623.7700000000013
2022,7,27,PlayDoh Toolkit,Art & Crafts,3.49,4.49,1583,4.354037313432836,6893.2300000000005,7107.67,1368.5599999999997
2022,7,29,Plush Pony,Toys,8.99,19.49,467,18.95070663811563,8849.98,9101.83,4651.65
2022,7,30,Rubik's Cube,Games,16.99,18.99,1553,18.352856099342585,28473.51,29491.469999999998,2088.040000000002
2022,7,31,Splash Balls,Sports & Outdoors,7.99,8.99,6793,8.603343155638896,58544.24,61069.07,4268.169999999999
2022,7,32,Supersoaker Water Gun,Sports & Outdoors,10.99,13.99,523,13.271392931392931,6959.16,7316.77,1211.3899999999999
2022,7,33,Teddy Bear,Toys,10.99,12.49,189,11.732910052910054,2217.52,2360.61,140.40999999999997
2022,7,34,Toy Robot,Electronics,20.99,25.99,466,25.1357345971564,11685.27,12111.34,1903.9300000000005
2022,7,35,Uno Card Game,Games,3.99,7.99,177,7.674124293785311,1358.32,1414.23,652.0899999999999
2022,8,1,Action Figure,Toys,10.99,17.99,2703,17.494606896551723,47309.95,48626.969999999994,17603.98
2022,8,2,Animal Figures,Toys,10.49,13.99,1427,13.668215158924207,19491.09,19963.73,4521.86
2022,8,3,Barrel O' Slime,Art & Crafts,1.99,3.99,969,3.8879423868312757,3764.69,3866.3100000000004,1836.38
2022,8,4,Chutes & Ladders,Games,9.99,12.99,231,12.63900432900433,2919.61,3000.69,611.92
2022,8,5,Classic Dominoes,Games,7.99,9.99,213,9.807121951219512,2087.82,2127.87,385.95
2022,8,6,Colorbuds,Electronics,6.99,14.99,6368,14.624626103111936,93081.81,95456.32,48569.49
2022,8,7,Dart Gun,Sports & Outdoors,11.99,15.99,1497,15.595143078112915,23371.4,23937.03,5422.37
2022,8,8,Deck Of Cards,Games,3.99,7.49,3336,7.301784560143627,24334.08,24986.64,11023.439999999999
2022,8,10,Dinosaur Figures,Toys,10.99,14.99,1443,14.53228763666947,20969.46,21630.57,5110.89
2022,8,13,Gamer Headphones,Electronics,14.99,20.99,878,20.415561643835616,17935.62,18429.219999999998,4774.4
2022,8,14,Glass Marbles,Games,5.99,10.99,1082,10.751085972850678,11628.39,11891.18,5147.21
2022,8,15,Hot Wheels 5-Pack,Toys,3.99,5.99,1471,5.821124002900652,8558.12,8811.29,2688.83
2022,8,16,Jenga,Games,2.99,9.99,1132,9.807331319234644,11087.45,11308.68,7702.7699999999995
2022,8,17,Kids Makeup Kit,Art & Crafts,13.99,19.99,766,19.640302158273382,15010.59,15312.339999999998,4294.25
2022,8,18,Lego Bricks,Toys,34.99,39.49,969,38.34678941311853,37166.49,38265.810000000005,3261.1799999999985
2022,8,19,Magic Sand,Art & Crafts,13.99,15.99,63,15.610952380952382,983.49,1007.37,102.12
2022,8,20,Mini Basketball Hoop,Sports & Outdoors,8.99,23.99,118,23.50176991150442,2771.75,2830.8199999999997,1710.93
2022,8,21,Mini Ping Pong Set,Sports & Outdoors,6.99,9.99,916,9.82444279346211,9003.93,9150.84,2601.0899999999997
2022,8,22,Monopoly,Games,13.99,18.99,55,18.49236363636364,1017.08,1044.4499999999998,247.63
2022,8,23,Mr. Potatohead,Toys,4.99,9.99,65,9.797384615384615,636.83,649.35,312.48
2022,8,24,Nerf Gun,Sports & Outdoors,14.99,19.49,494,18.98832258064516,9388.050000000001,9628.06,1982.9900000000002
2022,8,25,PlayDoh Can,Art & Crafts,1.99,2.99,5008,2.911191969887077,14587.66,14973.920000000002,4621.740000000001
2022,8,26,PlayDoh Playset,Art & Crafts,20.99,24.99,603,24.611925795053004,14826.12,15068.97,2169.150000000001
2022,8,27,PlayDoh Toolkit,Art & Crafts,3.49,4.49,1368,4.406658163265306,6025.43,6142.320000000001,1251.11
2022,8,29,Plush Pony,Toys,8.99,19.49,421,18.94895486935867,7977.51,8205.289999999999,4192.72
2022,8,30,Rubik's Cube,Games,16.99,18.99,1283,18.573233333333334,23840.92,24364.17,2042.7500000000018
2022,8,31,Splash Balls,Sports & Outdoors,7.99,8.99,4058,8.77934065934066,35661.21,36481.42,3237.79
2022,8,32,Supersoaker Water Gun,Sports & Outdoors,10.99,13.99,468,13.638913043478261,6379.16,6547.32,1235.84
2022,8,33,Teddy Bear,Toys,10.99,12.49,46,12.180217391304348,560.29,574.54,54.74999999999999
2022,8,34,Toy Robot,Electronics,20.99,25.99,348,25.35432926829268,8809.64,9044.519999999999,1505.1200000000006
2022,8,35,Uno Card Game,Games,3.99,7.99,128,7.795675675675676,1000.64,1022.72,489.91999999999996
2022,9,1,Action Figure,Toys,10.99,17.99,2325,17.433576826196475,40562.7,41826.75,15010.949999999999
2022,9,2,Animal Figures,Toys,10.49,13.99,1250,13.516212962962964,16922.17,17487.5,3809.6699999999996
2022,9,3,Barrel O' Slime,Art & Crafts,1.99,3.99,4248,3.8778214936247726,16517.87,16949.52,8064.35
2022,9,4,Chutes & Ladders,Games,9.99,12.99,167,12.636886227544911,2110.36,2169.33,442.03000000000003
2022,9,5,Classic Dominoes,Games,7.99,9.99,158,9.62639240506329,1520.97,1578.42,258.54999999999995
2022,9,6,Colorbuds,Electronics,6.99,14.99,4931,14.565528339504414,71948.1,73915.69,37480.409999999996
2022,9,7,Dart Gun,Sports & Outdoors,11.99,15.99,1679,15.516445824706695,26064.68,26847.21,5933.47
2022,9,8,Deck Of Cards,Games,3.99,7.49,3210,7.289159663865546,23394.77,24042.9,10586.869999999999
2022,9,10,Dinosaur Figures,Toys,10.99,14.99,1287,14.402142197599261,18545.22,19292.13,4401.09
2022,9,13,Gamer Headphones,Electronics,14.99,20.99,1132,20.39436192468619,23119.74,23760.679999999997,6151.0599999999995
2022,9,14,Glass Marbles,Games,5.99,10.99,1387,10.663029162746941,14819.69,15243.130000000001,6511.5599999999995
2022,9,15,Hot Wheels 5-Pack,Toys,3.99,5.99,1177,5.768131970260224,6793.89,7050.2300000000005,2097.66
2022,9,16,Jenga,Games,2.99,9.99,1003,9.704417767106843,9741.9,10019.97,6742.929999999999
2022,9,17,Kids Makeup Kit,Art & Crafts,13.99,19.99,993,19.491850220264315,19380.07,19850.07,5487.999999999999
2022,9,18,Lego Bricks,Toys,34.99,39.49,3941,38.23616050119332,150681.65,155630.09,12786.05999999999
2022,9,19,Magic Sand,Art & Crafts,13.99,15.99,150,15.421000000000001,2313.15,2398.5,214.64999999999995
2022,9,20,Mini Basketball Hoop,Sports & Outdoors,8.99,23.99,73,22.89164383561644,1671.09,1751.27,1014.8199999999999
2022,9,21,Mini Ping Pong Set,Sports & Outdoors,6.99,9.99,1213,9.710757381258023,11785.99,12117.87,3307.12
2022,9,22,Monopoly,Games,13.99,18.99,76,18.41763157894737,1399.74,1443.2399999999998,336.5
2022,9,23,Mr. Potatohead,Toys,4.99,9.99,50,9.87483870967742,493.65,499.5,244.14999999999998
2022,9,24,Nerf Gun,Sports & Outdoors,14.99,19.49,639,18.803821989528796,12032.41,12454.109999999999,2453.8
2022,9,25,PlayDoh Can,Art & Crafts,1.99,2.99,4484,2.8902410518626738,12959.26,13407.160000000002,4036.1000000000004
2022,9,26,PlayDoh Playset,Art & Crafts,20.99,24.99,405,24.143385012919897,9777.93,10120.949999999999,1276.9800000000007
2022,9,27,PlayDoh Toolkit,Art & Crafts,3.49,4.49,1131,4.356544715447154,4934.59,5078.1900000000005,987.3999999999997
2022,9,29,Plush Pony,Toys,8.99,19.49,421,18.889757869249394,7953.63,8205.289999999999,4168.84
2022,9,30,Rubik's Cube,Games,16.99,18.99,1414,18.452194492254733,26128.41,26851.859999999997,2104.550000000002
2022,9,31,Splash Balls,Sports & Outdoors,7.99,8.99,2144,8.702982565379825,18657.5,19274.56,1526.9399999999994
2022,9,32,Supersoaker Water Gun,Sports & Outdoors,10.99,13.99,391,13.635120481927709,5345.52,5470.09,1048.43
2022,9,33,Teddy Bear,Toys,10.99,12.49,284,12.035105633802816,3417.97,3547.16,296.80999999999995
2022,9,34,Toy Robot,Electronics,20.99,25.99,358,25.37040625,9075.32,9304.42,1560.9000000000008
2022,9,35,Uno Card Game,Games,3.99,7.99,75,7.744800000000001,580.86,599.25,281.61
2022,10,1,Action Figure,Toys,10.99,17.99,2523,17.36335063709297,43815.29,45388.77,16087.519999999999
2022,10,2,Animal Figures,Toys,10.49,13.49,1972,13.042592592592593,25716.76,26602.28,5030.48
2022,10,3,Barrel O' Slime,Art & Crafts,1.99,3.99,7574,3.817627118644068,28846.29,30220.260000000002,13774.03
2022,10,4,Chutes & Ladders,Games,9.99,13.49,165,12.858727272727274,2121.69,2225.85,473.34
2022,10,5,Classic Dominoes,Games,7.99,9.99,115,9.729565217391306,1118.9,1148.8500000000001,200.04999999999995
2022,10,6,Colorbuds,Electronics,6.99,14.99,4713,14.442910271546635,68111.46,70647.87,35167.59
2022,10,7,Dart Gun,Sports & Outdoors,11.99,15.99,1522,15.462251908396945,23515.01,24336.78,5266.23
2022,10,8,Deck Of Cards,Games,3.99,7.49,3584,7.21369170984456,25808.19,26844.16,11508.029999999999
2022,10,10,Dinosaur Figures,Toys,10.99,14.99,1481,14.463890991672974,21411.59,22200.19,5135.4
2022,10,13,Gamer Headphones,Electronics,14.99,20.99,1361,20.146233062330623,27372.27,28567.39,6970.879999999999
2022,10,14,Glass Marbles,Games,5.99,10.99,1535,10.585842997323818,16257.78,16869.65,7063.13
2022,10,15,Hot Wheels 5-Pack,Toys,3.99,5.99,1269,5.757605396290051,7315.24,7601.31,2251.93
2022,10,16,Jenga,Games,2.99,10.49,921,10.120710259301015,9309.86,9661.29,6556.07
2022,10,17,Kids Makeup Kit,Art & Crafts,13.99,20.99,1091,20.16075081610446,21961.37,22900.09,6698.28
2022,10,18,Lego Bricks,Toys,34.99,39.49,3528,37.83074841883345,133672.7,139320.72,10227.979999999994
2022,10,19,Magic Sand,Art & Crafts,13.99,15.99,248,15.325802469135803,3823.64,3965.52,354.12
2022,10,20,Mini Basketball Hoop,Sports & Outdoors,8.99,23.99,146,23.212937062937062,3388.9,3502.54,2076.3599999999997
2022,10,21,Mini Ping Pong Set,Sports & Outdoors,6.99,9.99,1047,9.628975069252077,10021.41,10459.53,2702.8799999999997
2022,10,22,Monopoly,Games,13.99,18.99,130,18.35691588785047,2397.9700000000003,2468.7,579.27
2022,10,23,Mr. Potatohead,Toys,4.99,9.99,73,9.49695652173913,691.49,729.27,327.21999999999997
2022,10,24,Nerf Gun,Sports & Outdoors,14.99,18.99,551,18.280467289719624,10080.13,10463.49,1820.6399999999996
2022,10,25,PlayDoh Can,Art & Crafts,1.99,2.99,5059,2.8878719620628335,14620.36,15126.410000000002,4552.950000000001
2022,10,26,PlayDoh Playset,Art & Crafts,20.99,24.99,390,23.893202099737533,9319.13,9746.099999999999,1133.0300000000007
2022,10,27,PlayDoh Toolkit,Art & Crafts,3.49,4.49,948,4.30266590389016,4074.25,4256.52,765.7299999999998
2022,10,29,Plush Pony,Toys,8.99,19.49,350,18.85189111747851,6598.55,6821.499999999999,3452.0499999999997
2022,10,30,Rubik's Cube,Games,16.99,18.99,2354,18.217891191709843,42870.89,44702.46,2876.430000000003
2022,10,31,Splash Balls,Sports & Outdoors,7.99,8.99,2054,8.631997549019609,17719.36,18465.46,1307.9
2022,10,32,Supersoaker Water Gun,Sports & Outdoors,10.99,13.99,229,13.572401746724891,3108.08,3203.71,591.37
2022,10,33,Teddy Bear,Toys,10.99,12.99,310,12.461262458471762,3858.12,4026.9,451.2199999999999
2022,10,34,Toy Robot,Electronics,20.99,25.99,561,24.977554585152838,13980.810000000001,14580.39,2205.420000000001
2022,10,35,Uno Card Game,Games,3.99,7.99,57,7.82140350877193,445.82,455.43,218.39
2022,11,1,Action Figure,Toys,10.99,17.99,2455,17.310724637681158,42563.08,44165.45,15582.63
2022,11,2,Animal Figures,Toys,10.49,13.49,1985,12.99295162278016,25785.06,26777.65,4962.41
2022,11,3,Barrel O' Slime,Art & Crafts,1.99,3.99,8656,3.845163455293354,33280.05,34537.44,16054.61
2022,11,4,Chutes & Ladders,Games,9.99,13.49,263,12.928600000000001,3404.27,3547.87,776.9000000000001
2022,11,5,Classic Dominoes,Games,7.99,9.99,137,9.762992125984253,1338.9,1368.63,244.26999999999998
2022,11,6,Colorbuds,Electronics,6.99,14.99,4284,14.334707387272145,61547.92,64217.16,31602.76
2022,11,7,Dart Gun,Sports & Outdoors,11.99,15.99,1679,15.379094650205761,25744.98,26847.21,5613.7699999999995
2022,11,8,Deck Of Cards,Games,3.99,7.49,3375,7.190157612340711,24297.16,25278.75,10830.91
2022,11,9,Dino Egg,Toys,9.99,10.99,2,10.4,20.8,21.98,0.8200000000000003
2022,11,10,Dinosaur Figures,Toys,10.99,14.99,1541,14.410494296577946,22160.95,23099.59,5225.36
2022,11,11,Etch A Sketch,Art & Crafts,10.99,20.99,957,19.814172335600905,18919.53,20087.43,8402.1
2022,11,13,Gamer Headphones,Electronics,14.99,20.99,1245,20.136959847036326,24994.63,26132.55,6332.08
2022,11,14,Glass Marbles,Games,5.99,10.99,2253,10.560991150442478,23825.19,24760.47,10329.72
2022,11,15,Hot Wheels 5-Pack,Toys,3.99,5.99,1229,5.770135593220339,7090.23,7361.71,2186.5199999999995
2022,11,16,Jenga,Games,2.99,10.49,608,10.059555921052631,6116.21,6377.92,4298.29
2022,11,17,Kids Makeup Kit,Art & Crafts,13.99,20.99,978,20.378932584269663,19957.579999999998,20528.219999999998,6275.36
2022,11,18,Lego Bricks,Toys,34.99,39.49,3441,37.871232541899445,130361.04000000001,135885.09,9960.449999999995
2022,11,19,Magic Sand,Art & Crafts,13.99,15.99,1182,15.302251461988305,18070.9,18900.18,1534.7199999999998
2022,11,20,Mini Basketball Hoop,Sports & Outdoors,8.99,23.99,55,23.0548,1272.59,1319.4499999999998,778.14
2022,11,21,Mini Ping Pong Set,Sports & Outdoors,6.99,9.99,1516,9.610913663034367,14572.74,15144.84,3975.9
2022,11,22,Monopoly,Games,13.99,18.99,157,18.390331125827814,2888.8399999999997,2981.43,692.4099999999999
2022,11,23,Mr. Potatohead,Toys,4.99,9.99,1041,9.669317697228145,10069.62,10399.59,4875.03
2022,11,24,Nerf Gun,Sports & Outdoors,14.99,18.99,718,18.22422764227642,13050.0,13634.82,2287.18
2022,11,25,PlayDoh Can,Art & Crafts,1.99,2.99,4883,2.874578273711848,14010.59,14600.170000000002,4293.42
2022,11,26,PlayDoh Playset,Art & Crafts,20.99,24.99,275,23.921745454545455,6578.4800000000005,6872.25,806.2300000000006
2022,11,27,PlayDoh Toolkit,Art & Crafts,3.49,4.49,812,4.322139107611548,3504.76,3645.88,670.8799999999999
2022,11,29,Plush Pony,Toys,8.99,19.49,368,18.715298913043476,6887.23,7172.32,3578.91
2022,11,30,Rubik's Cube,Games,16.99,18.99,2428,18.18378962536023,44136.99,46107.719999999994,2885.2700000000036
2022,11,31,Splash Balls,Sports & Outdoors,7.99,8.99,1691,8.690465631929047,14683.87,15202.09,1172.78
2022,11,32,Supersoaker Water Gun,Sports & Outdoors,10.99,13.99,233,13.44429203539823,3135.92,3259.67,575.25
2022,11,33,Teddy Bear,Toys,10.99,12.99,258,12.572170542635659,3243.62,3351.42,408.2
2022,11,34,Toy Robot,Electronics,20.99,25.99,388,25.19829411764706,9806.01,10084.119999999999,1661.8900000000006
2022,11,35,Uno Card Game,Games,3.99,7.99,92,7.47358695652174,687.57,735.08,320.49
2022,12,1,Action Figure,Toys,10.99,17.99,2561,17.252649736463823,44089.02,46072.39,15943.63
2022,12,2,Animal Figures,Toys,10.49,13.49,1720,13.060766045548654,22495.91,23202.8,4453.11
2022,12,3,Barrel O' Slime,Art & Crafts,1.99,3.99,8870,3.808488175675676,33806.7,35391.3,16155.4
2022,12,4,Chutes & Ladders,Games,9.99,13.49,470,12.731585903083701,5976.95,6340.3,1281.6499999999999
2022,12,5,Classic Dominoes,Games,7.99,9.99,330,9.341513157894738,3075.34,3296.7000000000003,438.63999999999993
2022,12,6,Colorbuds,Electronics,6.99,14.99,4078,14.367045454545455,58612.26,61129.22,30107.039999999997
2022,12,7,Dart Gun,Sports & Outdoors,11.99,15.99,2012,15.339100765306123,30792.28,32171.88,6668.4
2022,12,8,Deck Of Cards,Games,3.99,7.49,5554,7.10382610701107,39331.38,41599.46,17170.92
2022,12,9,Dino Egg,Toys,9.99,10.99,330,10.489166666666668,3482.3300000000004,3626.7,185.63000000000014
2022,12,10,Dinosaur Figures,Toys,10.99,14.99,1341,14.295058400718778,19165.31,20101.59,4427.719999999999
2022,12,11,Etch A Sketch,Art & Crafts,10.99,20.99,1584,19.94051246537396,31550.92,33248.159999999996,14142.759999999998
2022,12,13,Gamer Headphones,Electronics,14.99,20.99,1516,20.19733279613215,30609.73,31820.839999999997,7884.889999999999
2022,12,14,Glass Marbles,Games,5.99,10.99,2572,10.475301369863015,27006.32,28266.28,11600.039999999999
2022,12,15,Hot Wheels 5-Pack,Toys,3.99,5.99,916,5.741245508982035,5259.04,5486.84,1604.1999999999998
2022,12,16,Jenga,Games,2.99,10.49,1248,9.848390476190476,12263.78,13091.52,8532.26
2022,12,17,Kids Makeup Kit,Art & Crafts,13.99,20.99,1070,20.13554802259887,21539.31,22459.3,6570.009999999999
2022,12,18,Lego Bricks,Toys,34.99,39.49,3691,37.78696185286104,139307.5,145757.59,10159.409999999993
2022,12,19,Magic Sand,Art & Crafts,13.99,15.99,4613,15.330513415038093,70574.02,73761.87,6038.149999999999
2022,12,20,Mini Basketball Hoop,Sports & Outdoors,8.99,23.99,264,22.690648854961832,5988.150000000001,6333.36,3614.79
2022,12,21,Mini Ping Pong Set,Sports & Outdoors,6.99,9.99,4000,9.578605388272583,38388.57,39960.0,10428.57
2022,12,22,Monopoly,Games,13.99,18.99,434,17.81721198156682,7732.67,8241.66,1661.01
2022,12,23,Mr. Potatohead,Toys,4.99,9.99,966,9.530012531328321,9181.72,9650.34,4361.38
2022,12,24,Nerf Gun,Sports & Outdoors,14.99,18.99,1675,18.139717223650383,30388.09,31808.249999999996,5279.839999999999
2022,12,25,PlayDoh Can,Art & Crafts,1.99,2.99,5497,2.860656136087485,15710.16,16436.030000000002,4771.13
2022,12,26,PlayDoh Playset,Art & Crafts,20.99,24.99,316,23.844525316455695,7534.87,7896.839999999999,902.0300000000004
2022,12,27,PlayDoh Toolkit,Art & Crafts,3.49,4.49,636,4.288769230769231,2730.18,2855.6400000000003,510.53999999999985
2022,12,29,Plush Pony,Toys,8.99,19.49,480,18.44419068736142,8835.69,9355.199999999999,4520.49
2022,12,30,Rubik's Cube,Games,16.99,18.99,4128,18.079709568939162,74608.83,78390.72,4474.110000000006
2022,12,31,Splash Balls,Sports & Outdoors,7.99,8.99,1648,8.585261274158912,14154.39,14815.52,986.8699999999997
2022,12,32,Supersoaker Water Gun,Sports & Outdoors,10.99,13.99,191,13.33590425531915,2545.49,2672.09,446.3999999999999
2022,12,33,Teddy Bear,Toys,10.99,12.99,413,12.4025,5138.37,5364.87,599.5
2022,12,34,Toy Robot,Electronics,20.99,25.99,608,24.83891304347826,15070.96,15801.919999999998,2309.040000000001
2022,12,35,Uno Card Game,Games,3.99,7.99,299,7.532690763052209,2238.3,2389.01,1045.29
2023,1,1,Action Figure,Toys,10.99,17.49,2274,16.994890350877192,38643.76,39772.259999999995,13652.5
2023,1,2,Animal Figures,Toys,10.49,13.99,1439,13.67206374501992,19677.260000000002,20131.61,4582.15
2023,1,3,Barrel O' Slime,Art & Crafts,1.99,4.49,7759,4.376299643281808,33994.22,34837.91,18553.809999999998
2023,1,4,Chutes & Ladders,Games,9.99,13.49,301,13.09738181818182,3944.07,4060.4900000000002,937.0799999999999
2023,1,5,Classic Dominoes,Games,7.99,10.49,287,10.227237354085604,2936.5,3010.63,643.37
2023,1,6,Colorbuds,Electronics,7.59,15.99,3666,15.680602055800293,57474.51,58619.340000000004,29649.57
2023,1,7,Dart Gun,Sports & Outdoors,12.49,17.49,1333,17.13815652173913,22854.2,23314.17,6205.03
2023,1,8,Deck Of Cards,Games,4.29,7.49,4890,7.2601450000000005,35474.03,36626.1,14495.93
2023,1,9,Dino Egg,Toys,9.99,10.99,1004,10.80177615571776,10862.869999999999,11033.960000000001,832.9099999999997
2023,1,10,Dinosaur Figures,Toys,10.99,15.49,1064,15.201958874458875,16191.0,16481.36,4497.64
2023,1,11,Etch A Sketch,Art & Crafts,10.99,21.99,1170,21.413030837004406,25041.94,25728.3,12183.64
2023,1,13,Gamer Headphones,Electronics,14.99,21.99,1627,21.449669014084506,34913.01,35777.729999999996,10524.279999999999
2023,1,14,Glass Marbles,Games,5.99,11.49,2214,11.129383680555556,24675.239999999998,25438.86,11413.38
2023,1,15,Hot Wheels 5-Pack,Toys,3.99,6.49,703,6.3492901234567904,4465.11,4562.47,1660.1399999999999
2023,1,16,Jenga,Games,3.99,10.99,883,10.81636258660508,9547.51,9704.17,6024.34
2023,1,17,Kids Makeup Kit,Art & Crafts,13.99,20.99,713,20.53441132637854,14629.19,14965.869999999999,4654.32
2023,1,18,Lego Bricks,Toys,34.99,39.49,2850,38.82767736486487,110751.15,112546.5,11029.649999999994
2023,1,19,Magic Sand,Art & Crafts,13.99,16.49,6232,16.101150150974473,100415.98,102765.68,13230.299999999996
2023,1,20,Mini Basketball Hoop,Sports & Outdoors,8.99,24.99,160,24.40102564102564,3905.12,3998.3999999999996,2466.72
2023,1,21,Mini Ping Pong Set,Sports & Outdoors,6.99,11.99,1927,11.764511434511434,22670.93,23104.73,9201.199999999999
2023,1,22,Monopoly,Games,13.99,19.99,304,19.584276315789474,5953.62,6076.959999999999,1700.66
2023,1,23,Mr. Potatohead,Toys,4.99,10.49,875,10.169298245614035,8905.81,9178.75,4539.56
2023,1,24,Nerf Gun,Sports & Outdoors,14.99,19.99,1546,19.50684328358209,30126.95,30904.539999999997,6952.41
2023,1,25,PlayDoh Can,Art & Crafts,1.99,3.19,4519,3.1138450946643714,14072.91,14415.61,5080.1
2023,1,26,PlayDoh Playset,Art & Crafts,20.99,25.99,378,25.205925925925925,9527.84,9824.22,1593.6200000000003
2023,1,27,PlayDoh Toolkit,Art & Crafts,3.99,4.99,707,4.844467455621302,3423.12,3527.9300000000003,602.1899999999999
2023,1,29,Plush Pony,Toys,8.99,19.99,349,19.3474613003096,6743.1900000000005,6976.509999999999,3605.68
2023,1,30,Rubik's Cube,Games,17.29,19.99,2903,19.494419047619047,56591.55,58030.969999999994,6398.680000000002
2023,1,31,Splash Balls,Sports & Outdoors,7.99,9.49,1221,9.233484708063022,11285.17,11587.29,1529.38
2023,1,32,Supersoaker Water Gun,Sports & Outdoors,10.99,13.99,207,13.698652849740933,2832.84,2895.93,557.91
2023,1,33,Teddy Bear,Toys,10.99,12.99,248,12.72725806451613,3156.36,3221.52,430.84
2023,1,34,Toy Robot,Electronics,21.99,27.49,526,27.060298507462687,14255.81,14459.74,2689.0700000000006
2023,1,35,Uno Card Game,Games,3.99,8.49,199,8.282010050251257,1648.1200000000001,1689.51,854.11
2023,2,1,Action Figure,Toys,10.99,17.49,2039,17.01467788740569,34662.38,35662.11,12253.77
2023,2,2,Animal Figures,Toys,10.49,13.99,1424,13.403975903614457,19151.63,19921.76,4213.87
2023,2,3,Barrel O' Slime,Art & Crafts,1.99,4.49,8191,4.303277706461275,35265.76,36777.590000000004,18965.67
2023,2,4,Chutes & Ladders,Games,9.99,13.49,173,12.780617283950617,2207.41,2333.77,479.13999999999993
2023,2,5,Classic Dominoes,Games,7.99,10.49,185,9.996432432432432,1849.34,1940.65,371.19
2023,2,6,Colorbuds,Electronics,7.59,15.99,3301,15.466330019880715,51066.4,52782.99,26011.81
2023,2,7,Dart Gun,Sports & Outdoors,12.49,17.49,947,16.937747183979976,16084.5,16563.03,4256.47
2023,2,8,Deck Of Cards,Games,4.29,7.49,3920,7.146567558638917,28024.61,29360.8,11207.81
2023,2,9,Dino Egg,Toys,9.99,10.99,2205,10.574178123132096,23336.13,24232.95,1308.1799999999996
2023,2,10,Dinosaur Figures,Toys,10.99,15.49,912,14.96557934508816,13645.15,14126.880000000001,3622.27
2023,2,11,Etch A Sketch,Art & Crafts,10.99,21.99,1214,21.13499090909091,25660.9,26695.859999999997,12319.039999999999
2023,2,13,Gamer Headphones,Electronics,14.99,21.99,1688,21.104435204435205,35577.83,37119.119999999995,10274.71
2023,2,14,Glass Marbles,Games,5.99,11.49,2231,11.16981746031746,24757.54,25634.19,11393.85
2023,2,15,Hot Wheels 5-Pack,Toys,3.99,6.49,874,6.211031446540881,5438.94,5672.26,1951.6799999999998
2023,2,16,Jenga,Games,3.99,10.99,584,10.526457242582897,6142.76,6418.16,3812.6
2023,2,17,Kids Makeup Kit,Art & Crafts,13.99,20.99,566,20.076276803118912,11330.67,11880.339999999998,3412.33
2023,2,18,Lego Bricks,Toys,34.99,39.49,2756,37.92869308600337,104383.66,108834.44,7951.219999999992
2023,2,19,Magic Sand,Art & Crafts,13.99,16.49,6222,15.754960529666413,98210.72,102600.78,11164.939999999999
2023,2,20,Mini Basketball Hoop,Sports & Outdoors,8.99,24.99,98,23.96030612244898,2348.11,2449.02,1467.09
2023,2,21,Mini Ping Pong Set,Sports & Outdoors,6.99,11.99,2063,11.535414473684211,23738.16,24735.37,9317.789999999999
2023,2,22,Monopoly,Games,13.99,19.99,75,19.4896,1461.72,1499.2499999999998,412.46999999999997
2023,2,23,Mr. Potatohead,Toys,4.99,10.49,637,10.049083044982698,6409.19,6682.13,3230.5599999999995
2023,2,24,Nerf Gun,Sports & Outdoors,14.99,19.99,1714,19.273508532423207,32973.909999999996,34262.86,7281.049999999998
2023,2,25,PlayDoh Can,Art & Crafts,1.99,3.19,3887,3.057463933181473,11894.34,12399.53,4159.21
2023,2,26,PlayDoh Playset,Art & Crafts,20.99,25.99,179,25.026863905325442,4482.54,4652.21,725.3300000000003
2023,2,27,PlayDoh Toolkit,Art & Crafts,3.99,4.99,531,4.809760348583878,2548.58,2649.69,429.8899999999999
2023,2,29,Plush Pony,Toys,8.99,19.99,93,18.953440860215053,1762.67,1859.07,926.5999999999999
2023,2,30,Rubik's Cube,Games,17.29,19.99,3350,19.218213141025643,64308.71,66966.5,6387.210000000003
2023,2,31,Splash Balls,Sports & Outdoors,7.99,9.49,1182,9.08055055055055,10759.800000000001,11217.18,1315.62
2023,2,32,Supersoaker Water Gun,Sports & Outdoors,10.99,13.99,184,13.436942675159235,2485.44,2574.16,463.2799999999999
2023,2,33,Teddy Bear,Toys,10.99,12.99,435,12.43855,5398.38,5650.65,617.73
2023,2,34,Toy Robot,Electronics,21.99,27.49,542,26.46200471698113,14410.61,14899.58,2492.0300000000007
2023,2,35,Uno Card Game,Games,3.99,8.49,179,8.128461538461538,1454.1100000000001,1519.71,739.9
2023,3,1,Action Figure,Toys,10.99,17.49,3261,17.135944682508764,55880.83,57034.88999999999,20042.44
2023,3,2,Animal Figures,Toys,10.49,13.99,2002,13.712879256965945,27408.11,28007.98,6407.13
2023,3,3,Barrel O' Slime,Art & Crafts,1.99,4.49,10061,4.371844890510949,43972.38,45173.89,23950.989999999998
2023,3,4,Chutes & Ladders,Games,9.99,13.49,224,13.15578431372549,2952.98,3021.76,715.2199999999999
2023,3,5,Classic Dominoes,Games,7.99,10.49,291,10.152918149466194,2954.92,3052.59,629.83
2023,3,6,Colorbuds,Electronics,7.59,15.99,3660,15.645342410893072,57255.86,58523.4,29476.46
2023,3,7,Dart Gun,Sports & Outdoors,12.49,17.49,1150,17.12609437751004,19710.69,20113.5,5347.19
2023,3,8,Deck Of Cards,Games,4.29,7.49,4944,7.333770669558145,36312.93,37030.56,15103.17
2023,3,9,Dino Egg,Toys,9.99,10.99,3588,10.742342588971452,38495.9,39432.12,2651.7799999999993
2023,3,10,Dinosaur Figures,Toys,10.99,15.49,1450,15.164308510638298,21972.73,22460.5,6037.23
2023,3,11,Etch A Sketch,Art & Crafts,10.99,21.99,1007,21.512319004524887,21668.66,22143.93,10601.73
2023,3,12,Foam Disk Launcher,Sports & Outdoors,8.99,11.99,1185,11.73612648221344,13922.93,14208.15,3269.7799999999997
2023,3,13,Gamer Headphones,Electronics,14.99,21.99,1531,21.513813813813815,32946.61,33666.689999999995,9996.92
2023,3,14,Glass Marbles,Games,5.99,11.49,2502,11.205785813630042,28010.82,28747.98,13023.84
2023,3,15,Hot Wheels 5-Pack,Toys,3.99,6.49,1189,6.329511978704525,7527.38,7716.610000000001,2783.2699999999995
2023,3,16,Jenga,Games,3.99,10.99,630,10.7278955954323,6753.0,6923.7,4239.3
2023,3,17,Kids Makeup Kit,Art & Crafts,13.99,20.99,912,20.610885750962773,18805.57,19142.879999999997,6046.6900000000005
2023,3,18,Lego Bricks,Toys,34.99,39.49,3611,38.325462928808555,138410.2,142598.39,12061.309999999992
2023,3,19,Magic Sand,Art & Crafts,13.99,16.49,6106,16.08020273694881,98144.49,100687.93999999999,12721.549999999997
2023,3,20,Mini Basketball Hoop,Sports & Outdoors,8.99,24.99,117,24.244913793103446,2836.02,2923.83,1784.1899999999998
2023,3,21,Mini Ping Pong Set,Sports & Outdoors,6.99,11.99,2367,11.72560561732007,27810.06,28380.33,11264.73
2023,3,22,Monopoly,Games,13.99,19.99,196,19.398775510204082,3802.16,3918.0399999999995,1060.12
2023,3,23,Mr. Potatohead,Toys,4.99,10.49,530,10.28285132382892,5451.84,5559.7,2807.14
2023,3,24,Nerf Gun,Sports & Outdoors,14.99,19.99,2898,19.564283367556467,56731.01,57931.02,13289.989999999998
2023,3,25,PlayDoh Can,Art & Crafts,1.99,3.19,6654,3.1275787048886614,20815.94,21226.26,7574.4800000000005
2023,3,26,PlayDoh Playset,Art & Crafts,20.99,25.99,229,25.500710900473933,5835.15,5951.71,1028.4400000000005
2023,3,27,PlayDoh Toolkit,Art & Crafts,3.99,4.99,618,4.892886029411764,3024.75,3083.82,558.93
2023,3,29,Plush Pony,Toys,8.99,19.99,107,19.501308411214954,2086.64,2138.93,1124.71
2023,3,30,Rubik's Cube,Games,17.29,19.99,2597,19.530210479175995,50717.98,51914.03,5815.850000000002
2023,3,31,Splash Balls,Sports & Outdoors,7.99,9.49,2428,9.23766094420601,22429.38,23041.72,3029.66
2023,3,32,Supersoaker Water Gun,Sports & Outdoors,10.99,13.99,212,13.635523255813952,2885.0,2965.88,555.12
2023,3,33,Teddy Bear,Toys,10.99,12.99,379,12.576984615384616,4760.22,4923.21,595.01
2023,3,34,Toy Robot,Electronics,21.99,27.49,543,26.811737373737373,14540.380000000001,14927.07,2599.810000000001
2023,3,35,Uno Card Game,Games,3.99,8.49,157,8.275923566878982,1299.3200000000002,1332.93,672.89
2023,4,1,Action Figure,Toys,10.99,17.49,2688,16.992405119152693,45661.37,47013.119999999995,16120.25
2023,4,2,Animal Figures,Toys,10.49,13.49,1707,12.889623015873017,22026.989999999998,23027.43,4120.5599999999995
2023,4,3,Barrel O' Slime,Art & Crafts,1.99,4.99,8015,4.78745881836152,38315.45,39994.85,22365.6
2023,4,4,Chutes & Ladders,Games,9.99,13.49,192,12.939526627218935,2468.99,2590.08,550.91
2023,4,5,Classic Dominoes,Games,7.99,10.49,191,10.015668449197861,1914.45,2003.5900000000001,388.35999999999996
2023,4,6,Colorbuds,Electronics,7.59,16.49,3369,15.85727161997564,53470.090000000004,55554.81,27899.38
2023,4,7,Dart Gun,Sports & Outdoors,12.49,17.49,914,16.89786600496278,15474.27,15985.859999999999,4058.4100000000003
2023,4,8,Deck Of Cards,Games,4.29,7.49,4514,7.158220127529804,32253.63,33809.86,12888.57
2023,4,9,Dino Egg,Toys,9.99,11.99,3466,11.557182116488926,40161.06,41557.340000000004,5535.72
2023,4,10,Dinosaur Figures,Toys,10.99,15.49,1451,14.832859712230215,21593.31,22475.99,5646.82
2023,4,11,Etch A Sketch,Art & Crafts,10.99,21.99,1138,21.21129981024668,24138.71,25024.62,11632.09
2023,4,12,Foam Disk Launcher,Sports & Outdoors,8.99,11.99,1422,11.53823240589198,16423.9,17049.78,3640.12
2023,4,13,Gamer Headphones,Electronics,14.99,21.99,1180,21.175803059273424,24957.38,25948.199999999997,7269.179999999999
2023,4,14,Glass Marbles,Games,5.99,11.49,2464,11.045430622009569,27149.760000000002,28311.36,12390.4
2023,4,15,Hot Wheels 5-Pack,Toys,3.99,6.49,1129,6.280770020533881,7077.65,7327.21,2572.9399999999996
2023,4,16,Jenga,Games,3.99,10.99,694,10.638948126801154,7383.43,7627.06,4614.37
2023,4,17,Kids Makeup Kit,Art & Crafts,14.49,20.99,1081,20.21640223463687,21875.34,22690.19,6211.65
2023,4,18,Lego Bricks,Toys,34.99,39.99,2797,38.50311371841155,107655.75,111852.03,9788.719999999994
2023,4,19,Magic Sand,Art & Crafts,13.99,16.49,7701,15.876015572858732,122345.28,126989.48999999999,14608.289999999997
2023,4,20,Mini Basketball Hoop,Sports & Outdoors,8.99,24.99,68,24.648676470588235,1676.11,1699.32,1064.79
2023,4,21,Mini Ping Pong Set,Sports & Outdoors,6.99,11.99,1777,11.60610058309038,20618.88,21306.23,8197.65
2023,4,22,Monopoly,Games,13.99,19.99,169,19.18473372781065,3242.22,3378.31,877.91
2023,4,23,Mr. Potatohead,Toys,4.99,10.49,554,10.15296786389414,5628.61,5811.46,2864.15
2023,4,24,Nerf Gun,Sports & Outdoors,14.99,19.99,2345,19.196784715750233,45015.54,46876.549999999996,9863.99
2023,4,25,PlayDoh Can,Art & Crafts,1.99,3.19,6734,3.0602409944190763,20644.61,21481.46,7243.95
2023,4,26,PlayDoh Playset,Art & Crafts,20.99,25.99,224,25.28169642857143,5663.1,5821.759999999999,961.3400000000004
2023,4,27,PlayDoh Toolkit,Art & Crafts,3.99,4.99,792,4.806341145833334,3805.04,3952.0800000000004,644.9599999999999
2023,4,29,Plush Pony,Toys,8.99,19.99,226,19.290353982300886,4359.62,4517.74,2327.88
2023,4,30,Rubik's Cube,Games,17.29,19.99,2327,19.281055662188102,44839.94,46516.729999999996,4606.110000000003
2023,4,31,Splash Balls,Sports & Outdoors,7.99,9.49,2900,9.047196356275302,26240.54,27521.0,3069.5399999999995
2023,4,32,Supersoaker Water Gun,Sports & Outdoors,11.99,14.99,347,14.677315634218289,5092.25,5201.53,931.72
2023,4,33,Teddy Bear,Toys,10.99,12.99,315,12.648986013986015,3991.71,4091.85,529.86
2023,4,34,Toy Robot,Electronics,21.99,27.49,535,26.35457760314342,14066.07,14707.15,2301.420000000001
2023,4,35,Uno Card Game,Games,3.99,8.49,167,8.27059880239521,1381.19,1417.83,714.86
2023,5,1,Action Figure,Toys,10.99,17.49,2680,17.016309050772627,45625.21,46873.2,16172.01
2023,5,2,Animal Figures,Toys,10.49,13.49,2067,13.163778184034124,27200.489999999998,27883.83,5517.659999999999
2023,5,3,Barrel O' Slime,Art & Crafts,1.99,4.99,6356,4.8669452662721895,30921.77,31716.440000000002,18273.329999999998
2023,5,4,Chutes & Ladders,Games,9.99,13.49,203,13.272512315270937,2694.32,2738.4700000000003,666.35
2023,5,5,Classic Dominoes,Games,7.99,10.49,181,10.24060773480663,1853.55,1898.69,407.36
2023,5,6,Colorbuds,Electronics,7.59,16.49,2795,16.09345358556973,44985.76,46089.549999999996,23771.71
2023,5,7,Dart Gun,Sports & Outdoors,12.49,17.49,1270,17.163012757605497,21825.64,22212.3,5963.34
2023,5,8,Deck Of Cards,Games,4.29,7.49,3698,7.3400523560209425,27142.09,27698.02,11277.67
2023,5,9,Dino Egg,Toys,9.99,11.99,3487,11.674704944178629,40690.53,41809.13,5855.4
2023,5,10,Dinosaur Figures,Toys,10.99,15.49,1344,15.117482206405693,20330.91,20818.56,5560.349999999999
2023,5,11,Etch A Sketch,Art & Crafts,10.99,21.99,1240,21.43779584462511,26563.85,27267.6,12936.25
2023,5,12,Foam Disk Launcher,Sports & Outdoors,8.99,11.99,1599,11.635384083044983,18610.3,19172.010000000002,4235.29
2023,5,13,Gamer Headphones,Electronics,14.99,21.99,1402,21.465621351125936,30089.87,30829.98,9073.89
2023,5,14,Glass Marbles,Games,5.99,11.49,1641,11.077220248667851,18158.53,18855.09,8328.94
2023,5,15,Hot Wheels 5-Pack,Toys,3.99,6.49,1355,6.299684030742955,8530.27,8793.95,3123.8199999999997
2023,5,16,Jenga,Games,3.99,10.99,682,10.77729198184569,7350.38,7495.18,4629.2
2023,5,17,Kids Makeup Kit,Art & Crafts,14.49,20.99,1292,20.456555555555553,26454.48,27119.079999999998,7733.4
2023,5,18,Lego Bricks,Toys,34.99,39.99,2791,38.82754733597534,108486.24,111612.09000000001,10829.149999999994
2023,5,19,Magic Sand,Art & Crafts,13.99,16.49,7215,16.12467296021578,116409.49,118975.34999999999,15471.639999999998
2023,5,20,Mini Basketball Hoop,Sports & Outdoors,8.99,24.99,113,24.24256637168142,2739.4100000000003,2823.87,1723.54
2023,5,21,Mini Ping Pong Set,Sports & Outdoors,6.99,11.99,2123,11.645636567582727,24728.920000000002,25454.77,9889.15
2023,5,22,Monopoly,Games,13.99,19.99,220,19.62769585253456,4318.16,4397.799999999999,1240.3600000000001
2023,5,23,Mr. Potatohead,Toys,4.99,10.49,718,10.292002989536622,7398.67,7531.82,3815.85
2023,5,24,Nerf Gun,Sports & Outdoors,14.99,19.99,2066,19.395190144617033,40098.72,41299.34,9129.38
2023,5,25,PlayDoh Can,Art & Crafts,1.99,3.19,6674,3.114186523187292,20801.05,21290.06,7519.79
2023,5,26,PlayDoh Playset,Art & Crafts,20.99,25.99,357,25.60716923076923,9119.77,9278.43,1626.3400000000006
2023,5,27,PlayDoh Toolkit,Art & Crafts,3.99,4.99,1079,4.8498821218074655,5237.21,5384.21,932.0
2023,5,29,Plush Pony,Toys,8.99,19.99,373,19.68152815013405,7341.21,7456.2699999999995,3987.94
2023,5,30,Rubik's Cube,Games,17.29,19.99,2411,19.486783114992722,46942.63,48195.89,5256.440000000001
2023,5,31,Splash Balls,Sports & Outdoors,7.99,9.49,2941,9.260167785234898,27248.61,27910.09,3750.0199999999995
2023,5,32,Supersoaker Water Gun,Sports & Outdoors,11.99,14.99,409,14.470638888888889,5920.7,6130.91,1016.7899999999998
2023,5,33,Teddy Bear,Toys,10.99,12.99,450,12.725641646489104,5722.26,5845.5,776.76
2023,5,34,Toy Robot,Electronics,21.99,27.49,484,26.81894628099174,12980.37,13305.16,2337.210000000001
2023,5,35,Uno Card Game,Games,3.99,8.49,135,8.359703703703703,1128.56,1146.15,589.91
2023,6,1,Action Figure,Toys,10.99,17.49,3211,17.09230319563523,54858.02,56160.38999999999,19569.129999999997
2023,6,2,Animal Figures,Toys,10.49,13.49,2017,13.170149253731344,26568.87,27209.33,5410.539999999999
2023,6,3,Barrel O' Slime,Art & Crafts,1.99,4.99,6525,4.8675759071834115,31806.95,32559.75,18822.199999999997
2023,6,4,Chutes & Ladders,Games,9.99,13.49,193,13.088497409326424,2526.08,2603.57,598.01
2023,6,5,Classic Dominoes,Games,7.99,10.49,190,10.272421052631579,1951.76,1993.1000000000001,433.65999999999997
2023,6,6,Colorbuds,Electronics,7.59,16.49,3069,16.119290110791958,49440.49,50607.81,26146.780000000002
2023,6,7,Dart Gun,Sports & Outdoors,12.49,17.49,1117,17.193620501635767,19199.0,19536.329999999998,5247.67
2023,6,8,Deck Of Cards,Games,4.29,7.49,3577,7.287128937966872,26052.8,26791.73,10707.47
2023,6,9,Dino Egg,Toys,9.99,11.99,3790,11.651456422018349,44145.35,45442.1,6283.249999999999
2023,6,10,Dinosaur Figures,Toys,10.99,15.49,1162,15.171812921890067,17649.36,17999.38,4878.98
2023,6,11,Etch A Sketch,Art & Crafts,10.99,21.99,914,21.320158371040723,19490.0,20098.859999999997,9445.14
2023,6,12,Foam Disk Launcher,Sports & Outdoors,8.99,11.99,1088,11.62,12651.95,13045.12,2870.8299999999995
2023,6,13,Gamer Headphones,Electronics,14.99,21.99,1101,21.27938053097345,23441.44,24210.989999999998,6937.45
2023,6,14,Glass Marbles,Games,5.99,11.49,1731,11.321623488773747,19601.45,19889.19,9232.76
2023,6,15,Hot Wheels 5-Pack,Toys,3.99,6.49,1274,6.367831541218638,8111.42,8268.26,3028.16
2023,6,16,Jenga,Games,3.99,10.99,764,10.653937007874015,8139.56,8396.36,5091.2
2023,6,17,Kids Makeup Kit,Art & Crafts,14.49,20.99,911,20.59746776084408,18765.61,19121.89,5565.22
2023,6,18,Lego Bricks,Toys,34.99,39.99,3136,38.6938764450867,121457.22,125408.64,11728.579999999994
2023,6,19,Magic Sand,Art & Crafts,13.99,16.49,6441,16.106283671036948,103740.68000000001,106212.09,13631.09
2023,6,20,Mini Basketball Hoop,Sports & Outdoors,8.99,24.99,119,24.466638655462187,2911.53,2973.81,1841.72
2023,6,21,Mini Ping Pong Set,Sports & Outdoors,6.99,11.99,2251,11.797955736750145,26540.04,26989.49,10805.55
2023,6,22,Monopoly,Games,13.99,19.99,158,19.537151898734177,3086.87,3158.4199999999996,876.4499999999999
2023,6,23,Mr. Potatohead,Toys,4.99,10.49,1030,10.162470713525027,10473.52,10804.7,5333.82
2023,6,24,Nerf Gun,Sports & Outdoors,14.99,19.99,1439,19.638208633093527,28259.76,28765.609999999997,6689.15
2023,6,25,PlayDoh Can,Art & Crafts,1.99,3.19,7561,3.123965229816623,23610.75,24119.59,8564.36
2023,6,26,PlayDoh Playset,Art & Crafts,20.99,25.99,340,25.301323529411768,8602.45,8836.6,1465.8500000000006
2023,6,27,PlayDoh Toolkit,Art & Crafts,3.99,4.99,1042,4.876892596454641,5080.57,5199.58,922.9899999999999
2023,6,29,Plush Pony,Toys,8.99,19.99,424,19.461580188679243,8251.71,8475.76,4439.95
2023,6,30,Rubik's Cube,Games,17.29,19.99,1930,19.395882005899704,37443.45,38580.7,4073.7500000000014
2023,6,31,Splash Balls,Sports & Outdoors,7.99,9.49,4359,9.232509211495946,40204.66,41366.91,5376.249999999999
2023,6,32,Supersoaker Water Gun,Sports & Outdoors,11.99,14.99,354,14.580614035087718,5159.29,5306.46,914.8299999999999
2023,6,33,Teddy Bear,Toys,10.99,12.99,287,12.68516,3640.7,3728.13,486.56999999999994
2023,6,34,Toy Robot,Electronics,21.99,27.49,596,27.06407407407407,16138.76,16384.04,3032.7200000000007
2023,6,35,Uno Card Game,Games,3.99,8.49,174,8.346993464052288,1455.3799999999999,1477.26,761.12
2023,7,1,Action Figure,Toys,10.99,17.99,1528,17.363965651834505,26508.57,27488.719999999998,9715.85
2023,7,2,Animal Figures,Toys,10.49,13.99,2186,13.441741481882097,29350.88,30582.14,6419.74
2023,7,3,Barrel O' Slime,Art & Crafts,1.99,4.99,5380,4.776873758865248,25706.69,26846.2,15000.49
2023,7,4,Chutes & Ladders,Games,10.09,13.49,228,13.095964912280703,2985.88,3075.7200000000003,685.3600000000001
2023,7,5,Classic Dominoes,Games,7.99,10.49,256,10.116227272727274,2583.33,2685.44,537.89
2023,7,6,Colorbuds,Electronics,7.59,16.49,3537,15.854293537787514,56028.5,58325.13,29182.670000000002
2023,7,7,Dart Gun,Sports & Outdoors,12.49,17.49,1163,16.855353233830847,19621.43,20340.87,5095.5599999999995
2023,7,8,Deck Of Cards,Games,4.29,7.49,4223,7.224447423294609,30501.0,31630.27,12384.33
2023,7,9,Dino Egg,Toys,9.99,11.99,4171,11.53828,48154.4,50010.29,6486.11
2023,7,10,Dinosaur Figures,Toys,10.99,15.49,1692,14.900903405142461,25241.58,26209.08,6646.5
2023,7,11,Etch A Sketch,Art & Crafts,10.99,21.99,1548,21.169102656137834,32789.4,34040.52,15776.88
2023,7,12,Foam Disk Launcher,Sports & Outdoors,8.99,11.99,962,11.533551502145924,11102.710000000001,11534.380000000001,2454.33
2023,7,13,Gamer Headphones,Electronics,14.99,21.99,931,21.01001154734411,19554.34,20472.69,5598.65
2023,7,14,Glass Marbles,Games,5.99,11.49,1608,11.031632165605096,17747.62,18475.920000000002,8115.7
2023,7,15,Hot Wheels 5-Pack,Toys,3.99,6.49,1419,6.2062681744749595,8831.99,9209.31,3170.18
2023,7,16,Jenga,Games,3.99,10.99,509,10.508785425101214,5353.49,5593.91,3322.58
2023,7,17,Kids Makeup Kit,Art & Crafts,14.49,21.49,1213,20.68677482792527,25068.29,26067.37,7491.919999999999
2023,7,18,Lego Bricks,Toys,34.99,39.99,3559,38.418066528066525,136735.63,142324.41,12206.219999999992
2023,7,19,Magic Sand,Art & Crafts,13.99,16.49,5805,15.772106227106226,91558.89,95724.45,10346.939999999997
2023,7,20,Mini Basketball Hoop,Sports & Outdoors,8.99,24.99,89,24.294,2139.79,2224.1099999999997,1339.68
2023,7,21,Mini Ping Pong Set,Sports & Outdoors,6.99,11.99,2047,11.405439429928741,23367.6,24543.53,9059.07
2023,7,22,Monopoly,Games,13.99,19.99,194,19.385513513513516,3762.45,3878.0599999999995,1048.3899999999999
2023,7,23,Mr. Potatohead,Toys,4.99,10.49,891,10.141008206330598,9032.99,9346.59,4586.9
2023,7,24,Nerf Gun,Sports & Outdoors,14.99,19.99,1704,19.285736946463977,32894.8,34062.96,7351.839999999999
2023,7,25,PlayDoh Can,Art & Crafts,1.99,3.19,7150,3.0556402019274898,21849.96,22808.5,7621.46
2023,7,26,PlayDoh Playset,Art & Crafts,20.99,25.99,372,24.934032258064512,9275.46,9668.279999999999,1467.1800000000005
2023,7,27,PlayDoh Toolkit,Art & Crafts,3.99,4.99,1034,4.8176638477801275,4978.97,5159.66,853.31
2023,7,29,Plush Pony,Toys,8.99,19.99,444,19.098350515463917,8481.49,8875.56,4489.93
2023,7,30,Rubik's Cube,Games,17.29,19.99,2186,19.30995652173913,42226.77,43698.14,4430.830000000001
2023,7,31,Splash Balls,Sports & Outdoors,7.99,9.49,4027,9.105584166026134,36700.590000000004,38216.23,4524.86
2023,7,32,Supersoaker Water Gun,Sports & Outdoors,11.99,14.99,391,14.278513119533526,5581.64,5861.09,893.5499999999998
2023,7,33,Teddy Bear,Toys,10.99,12.99,312,12.569230769230769,3921.6,4052.88,492.71999999999997
2023,7,34,Toy Robot,Electronics,21.99,27.49,617,26.44626923076923,16309.28,16961.329999999998,2741.4500000000007
2023,7,35,Uno Card Game,Games,3.99,8.49,238,8.213466666666667,1958.27,2020.6200000000001,1008.65
2023,8,1,Action Figure,Toys,10.99,17.99,1580,17.56531914893617,27767.829999999998,28424.199999999997,10403.63
2023,8,2,Animal Figures,Toys,10.49,13.99,1937,13.643993827160495,26459.88,27098.63,6140.75
2023,8,3,Barrel O' Slime,Art & Crafts,1.99,4.99,3692,4.868261039468543,17985.11,18423.08,10638.029999999999
2023,8,4,Chutes & Ladders,Games,10.09,13.49,217,13.191534653465347,2866.89,2927.33,677.3600000000001
2023,8,5,Classic Dominoes,Games,7.99,10.49,193,10.212901554404144,1971.09,2024.57,429.02
2023,8,6,Colorbuds,Electronics,7.59,16.49,3165,16.17366355140187,51182.86,52190.85,27160.51
2023,8,7,Dart Gun,Sports & Outdoors,12.49,17.49,1332,17.196697332106716,22930.3,23296.679999999997,6293.62
2023,8,8,Deck Of Cards,Games,4.29,7.49,3745,7.314669273378951,27391.96,28050.05,11325.91
2023,8,9,Dino Egg,Toys,9.99,11.99,2812,11.72914749661705,32987.16,33715.88,4895.28
2023,8,10,Dinosaur Figures,Toys,10.99,15.49,1531,15.08358024691358,23040.51,23715.19,6214.82
2023,8,11,Etch A Sketch,Art & Crafts,10.99,21.99,696,21.47111455108359,14937.37,15305.039999999999,7288.33
2023,8,12,Foam Disk Launcher,Sports & Outdoors,8.99,11.99,636,11.676768982229403,7429.71,7625.64,1712.07
2023,8,13,Gamer Headphones,Electronics,14.99,21.99,1130,21.365527589545014,24162.91,24848.699999999997,7224.21
2023,8,14,Glass Marbles,Games,5.99,11.49,1194,11.203179190751445,13374.01,13719.06,6221.95
2023,8,15,Hot Wheels 5-Pack,Toys,3.99,6.49,1202,6.362566069906223,7650.15,7800.9800000000005,2854.1699999999996
2023,8,16,Jenga,Games,3.99,10.99,189,10.76952380952381,2035.44,2077.11,1281.33
2023,8,17,Kids Makeup Kit,Art & Crafts,14.49,21.49,791,20.86001414427157,16539.24,16998.59,5077.65
2023,8,18,Lego Bricks,Toys,34.99,39.99,2637,38.92214285714286,102593.27,105453.63,10324.639999999994
2023,8,19,Magic Sand,Art & Crafts,13.99,16.49,4092,16.12109781843772,65963.7,67477.08,8716.619999999999
2023,8,20,Mini Basketball Hoop,Sports & Outdoors,8.99,24.99,77,24.17012987012987,1861.1,1924.2299999999998,1168.87
2023,8,21,Mini Ping Pong Set,Sports & Outdoors,6.99,11.99,1889,11.694266750948168,22098.59,22649.11,8894.48
2023,8,22,Monopoly,Games,13.99,19.99,142,19.680281690140845,2794.6,2838.58,808.02
2023,8,23,Mr. Potatohead,Toys,4.99,10.49,807,10.257083888149134,8266.8,8465.43,4239.87
2023,8,24,Nerf Gun,Sports & Outdoors,14.99,19.99,1207,19.46460465116279,23509.82,24127.929999999997,5416.889999999999
2023,8,25,PlayDoh Can,Art & Crafts,1.99,3.19,5939,3.1204182509505705,18517.36,18945.41,6698.75
2023,8,26,PlayDoh Playset,Art & Crafts,20.99,25.99,299,25.473979933110368,7616.72,7771.009999999999,1340.7100000000005
2023,8,27,PlayDoh Toolkit,Art & Crafts,3.99,4.99,1017,4.867438271604938,4953.46,5074.83,895.6299999999999
2023,8,28,Playfoam,Art & Crafts,3.99,10.99,1311,10.706962174940898,14059.72,14407.89,8828.83
2023,8,29,Plush Pony,Toys,8.99,19.99,302,19.577189781021897,5919.97,6036.98,3204.99
2023,8,30,Rubik's Cube,Games,17.29,19.99,1851,19.65383819951338,36339.659999999996,37001.49,4335.870000000002
2023,8,31,Splash Balls,Sports & Outdoors,7.99,9.49,2343,9.27493612078978,21729.82,22235.07,3009.2499999999995
2023,8,32,Supersoaker Water Gun,Sports & Outdoors,11.99,14.99,257,14.577609561752988,3748.14,3852.43,666.7099999999999
2023,8,33,Teddy Bear,Toys,10.99,12.99,341,12.648164556962026,4314.16,4429.59,566.5699999999999
2023,8,34,Toy Robot,Electronics,21.99,27.49,517,27.037540229885057,13983.1,14212.33,2614.270000000001
2023,8,35,Uno Card Game,Games,3.99,8.49,123,8.268292682926829,1017.0,1044.27,526.23
2023,9,1,Action Figure,Toys,10.99,17.99,1662,17.42054298642534,28890.85,29899.379999999997,10625.47
2023,9,2,Animal Figures,Toys,10.49,13.99,2030,13.426113161131612,27221.25,28399.7,5926.549999999999
2023,9,3,Barrel O' Slime,Art & Crafts,1.99,4.99,5253,4.836084322140874,25392.41,26212.47,14938.939999999999
2023,9,4,Chutes & Ladders,Games,10.09,13.49,166,13.269036144578312,2202.66,2239.34,527.72
2023,9,5,Classic Dominoes,Games,7.99,10.49,177,10.220338983050848,1809.0,1856.73,394.77
2023,9,6,Colorbuds,Electronics,7.59,16.49,2594,15.986047961630698,41439.01,42775.06,21750.55
2023,9,7,Dart Gun,Sports & Outdoors,12.49,17.49,1022,16.978797752808987,17353.27,17874.78,4588.49
2023,9,8,Deck Of Cards,Games,4.29,7.49,2973,7.246943784639746,21515.84,22267.77,8761.67
2023,9,9,Dino Egg,Toys,9.99,11.99,2588,11.524000996512207,29822.17,31030.12,3968.0499999999993
2023,9,10,Dinosaur Figures,Toys,10.99,15.49,1422,15.0395329441201,21354.13,22026.78,5726.349999999999
2023,9,11,Etch A Sketch,Art & Crafts,10.99,21.99,700,21.10800295857988,14785.38,15392.999999999998,7092.38
2023,9,12,Foam Disk Launcher,Sports & Outdoors,8.99,11.99,728,11.671158432708689,8457.37,8728.72,1912.6499999999999
2023,9,13,Gamer Headphones,Electronics,14.99,21.99,1002,21.305264937993236,21345.53,22033.98,6325.549999999999
2023,9,14,Glass Marbles,Games,5.99,11.49,1061,11.243223915592027,11905.28,12190.89,5549.89
2023,9,15,Hot Wheels 5-Pack,Toys,3.99,6.49,1437,6.307701908957416,9062.630000000001,9326.130000000001,3329.0
2023,9,16,Jenga,Games,3.99,10.99,110,10.588349514563108,1163.89,1208.9,724.99
2023,9,17,Kids Makeup Kit,Art & Crafts,14.49,21.49,958,20.87941457586619,19899.61,20587.42,6018.19
2023,9,18,Lego Bricks,Toys,34.99,39.99,2309,38.740909547738696,89406.97,92336.91,8615.059999999996
2023,9,19,Magic Sand,Art & Crafts,13.99,16.49,4523,15.982183713722174,72256.25,74584.26999999999,8979.48
2023,9,20,Mini Basketball Hoop,Sports & Outdoors,8.99,24.99,69,24.404057971014492,1683.8799999999999,1724.31,1063.57
2023,9,21,Mini Ping Pong Set,Sports & Outdoors,6.99,11.99,2267,11.688430335097001,26494.7,27181.33,10648.369999999999
2023,9,22,Monopoly,Games,13.99,19.99,183,19.62327868852459,3591.06,3658.1699999999996,1030.8899999999999
2023,9,23,Mr. Potatohead,Toys,4.99,10.49,368,10.147690217391304,3734.35,3860.32,1898.03
2023,9,24,Nerf Gun,Sports & Outdoors,14.99,19.99,2101,19.444393282773564,40826.37,41998.99,9332.38
2023,9,25,PlayDoh Can,Art & Crafts,1.99,3.19,5825,3.090426502145923,17967.66,18581.75,6375.91
2023,9,26,PlayDoh Playset,Art & Crafts,20.99,25.99,288,25.126284722222223,7236.37,7485.12,1191.2500000000005
2023,9,27,PlayDoh Toolkit,Art & Crafts,3.99,4.99,842,4.881323345817728,4110.53,4201.58,750.9499999999999
2023,9,28,Playfoam,Art & Crafts,3.99,10.99,2847,10.710681586978637,30548.22,31288.53,19188.690000000002
2023,9,29,Plush Pony,Toys,8.99,19.99,213,19.322932692307692,4114.17,4257.87,2199.2999999999997
2023,9,30,Rubik's Cube,Games,17.29,19.99,1493,19.431981728742095,29036.05,29845.069999999996,3222.080000000001
2023,9,31,Splash Balls,Sports & Outdoors,7.99,9.49,1807,9.17560904449307,16554.11,17148.43,2116.1799999999994
2023,9,32,Supersoaker Water Gun,Sports & Outdoors,11.99,14.99,252,14.531115879828326,3668.85,3777.48,647.37
2023,9,33,Teddy Bear,Toys,10.99,12.99,248,12.581612903225807,3131.35,3221.52,405.8299999999999
2023,9,34,Toy Robot,Electronics,21.99,27.49,486,26.550676532769554,12905.7,13360.14,2218.560000000001
2023,9,35,Uno Card Game,Games,3.99,8.49,148,8.132162162162162,1203.56,1256.52,613.04
